"dataset_index","id","name","solve_rate"
"0","38gax9ly","olmo31_7b_rlzero_math_eval_all_checkpoints_step_2400","0.96875"
"1","38gax9ly","olmo31_7b_rlzero_math_eval_all_checkpoints_step_2400","0.984375"
"2","38gax9ly","olmo31_7b_rlzero_math_eval_all_checkpoints_step_2400","1"
"3","38gax9ly","olmo31_7b_rlzero_math_eval_all_checkpoints_step_2400","0.984375"
"4","38gax9ly","olmo31_7b_rlzero_math_eval_all_checkpoints_step_2400","0.40625"
"5","38gax9ly","olmo31_7b_rlzero_math_eval_all_checkpoints_step_2400","0.875"
"6","38gax9ly","olmo31_7b_rlzero_math_eval_all_checkpoints_step_2400","0.703125"
"7","38gax9ly","olmo31_7b_rlzero_math_eval_all_checkpoints_step_2400","0.53125"
"8","38gax9ly","olmo31_7b_rlzero_math_eval_all_checkpoints_step_2400","1"
"9","38gax9ly","olmo31_7b_rlzero_math_eval_all_checkpoints_step_2400","1"
"10","38gax9ly","olmo31_7b_rlzero_math_eval_all_checkpoints_step_2400","0.84375"
"11","38gax9ly","olmo31_7b_rlzero_math_eval_all_checkpoints_step_2400","0.796875"
"12","38gax9ly","olmo31_7b_rlzero_math_eval_all_checkpoints_step_2400","0.96875"
"13","38gax9ly","olmo31_7b_rlzero_math_eval_all_checkpoints_step_2400","0.453125"
"14","38gax9ly","olmo31_7b_rlzero_math_eval_all_checkpoints_step_2400","0.640625"
"15","38gax9ly","olmo31_7b_rlzero_math_eval_all_checkpoints_step_2400","0.5625"
"16","38gax9ly","olmo31_7b_rlzero_math_eval_all_checkpoints_step_2400","0.703125"
"17","38gax9ly","olmo31_7b_rlzero_math_eval_all_checkpoints_step_2400","0.46875"
"18","38gax9ly","olmo31_7b_rlzero_math_eval_all_checkpoints_step_2400","0.859375"
"19","38gax9ly","olmo31_7b_rlzero_math_eval_all_checkpoints_step_2400","0.25"
"20","38gax9ly","olmo31_7b_rlzero_math_eval_all_checkpoints_step_2400","0.265625"
"21","38gax9ly","olmo31_7b_rlzero_math_eval_all_checkpoints_step_2400","0.5"
"22","38gax9ly","olmo31_7b_rlzero_math_eval_all_checkpoints_step_2400","0.078125"
"23","38gax9ly","olmo31_7b_rlzero_math_eval_all_checkpoints_step_2400","0"
"24","38gax9ly","olmo31_7b_rlzero_math_eval_all_checkpoints_step_2400","0.34375"
"25","38gax9ly","olmo31_7b_rlzero_math_eval_all_checkpoints_step_2400","0"
"26","38gax9ly","olmo31_7b_rlzero_math_eval_all_checkpoints_step_2400","0.015625"
"27","38gax9ly","olmo31_7b_rlzero_math_eval_all_checkpoints_step_2400","0"
"28","38gax9ly","olmo31_7b_rlzero_math_eval_all_checkpoints_step_2400","0"
"29","38gax9ly","olmo31_7b_rlzero_math_eval_all_checkpoints_step_2400","0"
"30","38gax9ly","olmo31_7b_rlzero_math_eval_all_checkpoints_step_2400","0"
"31","38gax9ly","olmo31_7b_rlzero_math_eval_all_checkpoints_step_2400","0"
"32","38gax9ly","olmo31_7b_rlzero_math_eval_all_checkpoints_step_2400","0"
"33","38gax9ly","olmo31_7b_rlzero_math_eval_all_checkpoints_step_2400","0"
"34","38gax9ly","olmo31_7b_rlzero_math_eval_all_checkpoints_step_2400","0"
"35","38gax9ly","olmo31_7b_rlzero_math_eval_all_checkpoints_step_2400","0"
"36","38gax9ly","olmo31_7b_rlzero_math_eval_all_checkpoints_step_2400","0.171875"
"37","38gax9ly","olmo31_7b_rlzero_math_eval_all_checkpoints_step_2400","0"
"38","38gax9ly","olmo31_7b_rlzero_math_eval_all_checkpoints_step_2400","0.03125"
"39","38gax9ly","olmo31_7b_rlzero_math_eval_all_checkpoints_step_2400","0"
"40","38gax9ly","olmo31_7b_rlzero_math_eval_all_checkpoints_step_2400","0.03125"
"41","38gax9ly","olmo31_7b_rlzero_math_eval_all_checkpoints_step_2400","0"
"42","38gax9ly","olmo31_7b_rlzero_math_eval_all_checkpoints_step_2400","0"
"43","38gax9ly","olmo31_7b_rlzero_math_eval_all_checkpoints_step_2400","0"
"44","38gax9ly","olmo31_7b_rlzero_math_eval_all_checkpoints_step_2400","0"
"45","38gax9ly","olmo31_7b_rlzero_math_eval_all_checkpoints_step_2400","0"
"46","38gax9ly","olmo31_7b_rlzero_math_eval_all_checkpoints_step_2400","0"
"47","38gax9ly","olmo31_7b_rlzero_math_eval_all_checkpoints_step_2400","0"
"48","38gax9ly","olmo31_7b_rlzero_math_eval_all_checkpoints_step_2400","0"
"49","38gax9ly","olmo31_7b_rlzero_math_eval_all_checkpoints_step_2400","0"
"50","38gax9ly","olmo31_7b_rlzero_math_eval_all_checkpoints_step_2400","0"
"51","38gax9ly","olmo31_7b_rlzero_math_eval_all_checkpoints_step_2400","0"
"52","38gax9ly","olmo31_7b_rlzero_math_eval_all_checkpoints_step_2400","0"
"53","38gax9ly","olmo31_7b_rlzero_math_eval_all_checkpoints_step_2400","0.03125"
"54","38gax9ly","olmo31_7b_rlzero_math_eval_all_checkpoints_step_2400","0.140625"
"55","38gax9ly","olmo31_7b_rlzero_math_eval_all_checkpoints_step_2400","0.015625"
"56","38gax9ly","olmo31_7b_rlzero_math_eval_all_checkpoints_step_2400","0.109375"
"57","38gax9ly","olmo31_7b_rlzero_math_eval_all_checkpoints_step_2400","0"
"58","38gax9ly","olmo31_7b_rlzero_math_eval_all_checkpoints_step_2400","0"
"59","38gax9ly","olmo31_7b_rlzero_math_eval_all_checkpoints_step_2400","0"
"0","aof88xay","olmo31_7b_rlzero_math_eval_all_checkpoints_step_2800","0.984375"
"1","aof88xay","olmo31_7b_rlzero_math_eval_all_checkpoints_step_2800","1"
"2","aof88xay","olmo31_7b_rlzero_math_eval_all_checkpoints_step_2800","0.96875"
"3","aof88xay","olmo31_7b_rlzero_math_eval_all_checkpoints_step_2800","0.90625"
"4","aof88xay","olmo31_7b_rlzero_math_eval_all_checkpoints_step_2800","0.484375"
"5","aof88xay","olmo31_7b_rlzero_math_eval_all_checkpoints_step_2800","0.890625"
"6","aof88xay","olmo31_7b_rlzero_math_eval_all_checkpoints_step_2800","0.75"
"7","aof88xay","olmo31_7b_rlzero_math_eval_all_checkpoints_step_2800","0.640625"
"8","aof88xay","olmo31_7b_rlzero_math_eval_all_checkpoints_step_2800","0.984375"
"9","aof88xay","olmo31_7b_rlzero_math_eval_all_checkpoints_step_2800","1"
"10","aof88xay","olmo31_7b_rlzero_math_eval_all_checkpoints_step_2800","0.890625"
"11","aof88xay","olmo31_7b_rlzero_math_eval_all_checkpoints_step_2800","0.8125"
"12","aof88xay","olmo31_7b_rlzero_math_eval_all_checkpoints_step_2800","0.953125"
"13","aof88xay","olmo31_7b_rlzero_math_eval_all_checkpoints_step_2800","0.5625"
"14","aof88xay","olmo31_7b_rlzero_math_eval_all_checkpoints_step_2800","0.453125"
"15","aof88xay","olmo31_7b_rlzero_math_eval_all_checkpoints_step_2800","0.515625"
"16","aof88xay","olmo31_7b_rlzero_math_eval_all_checkpoints_step_2800","0.6875"
"17","aof88xay","olmo31_7b_rlzero_math_eval_all_checkpoints_step_2800","0.4375"
"18","aof88xay","olmo31_7b_rlzero_math_eval_all_checkpoints_step_2800","0.8125"
"19","aof88xay","olmo31_7b_rlzero_math_eval_all_checkpoints_step_2800","0.15625"
"20","aof88xay","olmo31_7b_rlzero_math_eval_all_checkpoints_step_2800","0.359375"
"21","aof88xay","olmo31_7b_rlzero_math_eval_all_checkpoints_step_2800","0.46875"
"22","aof88xay","olmo31_7b_rlzero_math_eval_all_checkpoints_step_2800","0.15625"
"23","aof88xay","olmo31_7b_rlzero_math_eval_all_checkpoints_step_2800","0"
"24","aof88xay","olmo31_7b_rlzero_math_eval_all_checkpoints_step_2800","0.1875"
"25","aof88xay","olmo31_7b_rlzero_math_eval_all_checkpoints_step_2800","0"
"26","aof88xay","olmo31_7b_rlzero_math_eval_all_checkpoints_step_2800","0.03125"
"27","aof88xay","olmo31_7b_rlzero_math_eval_all_checkpoints_step_2800","0"
"28","aof88xay","olmo31_7b_rlzero_math_eval_all_checkpoints_step_2800","0"
"29","aof88xay","olmo31_7b_rlzero_math_eval_all_checkpoints_step_2800","0"
"30","aof88xay","olmo31_7b_rlzero_math_eval_all_checkpoints_step_2800","0"
"31","aof88xay","olmo31_7b_rlzero_math_eval_all_checkpoints_step_2800","0"
"32","aof88xay","olmo31_7b_rlzero_math_eval_all_checkpoints_step_2800","0"
"33","aof88xay","olmo31_7b_rlzero_math_eval_all_checkpoints_step_2800","0"
"34","aof88xay","olmo31_7b_rlzero_math_eval_all_checkpoints_step_2800","0.03125"
"35","aof88xay","olmo31_7b_rlzero_math_eval_all_checkpoints_step_2800","0"
"36","aof88xay","olmo31_7b_rlzero_math_eval_all_checkpoints_step_2800","0.09375"
"37","aof88xay","olmo31_7b_rlzero_math_eval_all_checkpoints_step_2800","0"
"38","aof88xay","olmo31_7b_rlzero_math_eval_all_checkpoints_step_2800","0.078125"
"39","aof88xay","olmo31_7b_rlzero_math_eval_all_checkpoints_step_2800","0"
"40","aof88xay","olmo31_7b_rlzero_math_eval_all_checkpoints_step_2800","0.03125"
"41","aof88xay","olmo31_7b_rlzero_math_eval_all_checkpoints_step_2800","0"
"42","aof88xay","olmo31_7b_rlzero_math_eval_all_checkpoints_step_2800","0"
"43","aof88xay","olmo31_7b_rlzero_math_eval_all_checkpoints_step_2800","0.015625"
"44","aof88xay","olmo31_7b_rlzero_math_eval_all_checkpoints_step_2800","0"
"45","aof88xay","olmo31_7b_rlzero_math_eval_all_checkpoints_step_2800","0"
"46","aof88xay","olmo31_7b_rlzero_math_eval_all_checkpoints_step_2800","0"
"47","aof88xay","olmo31_7b_rlzero_math_eval_all_checkpoints_step_2800","0"
"48","aof88xay","olmo31_7b_rlzero_math_eval_all_checkpoints_step_2800","0"
"49","aof88xay","olmo31_7b_rlzero_math_eval_all_checkpoints_step_2800","0"
"50","aof88xay","olmo31_7b_rlzero_math_eval_all_checkpoints_step_2800","0"
"51","aof88xay","olmo31_7b_rlzero_math_eval_all_checkpoints_step_2800","0"
"52","aof88xay","olmo31_7b_rlzero_math_eval_all_checkpoints_step_2800","0"
"53","aof88xay","olmo31_7b_rlzero_math_eval_all_checkpoints_step_2800","0.015625"
"54","aof88xay","olmo31_7b_rlzero_math_eval_all_checkpoints_step_2800","0.34375"
"55","aof88xay","olmo31_7b_rlzero_math_eval_all_checkpoints_step_2800","0.03125"
"56","aof88xay","olmo31_7b_rlzero_math_eval_all_checkpoints_step_2800","0.234375"
"57","aof88xay","olmo31_7b_rlzero_math_eval_all_checkpoints_step_2800","0"
"58","aof88xay","olmo31_7b_rlzero_math_eval_all_checkpoints_step_2800","0"
"59","aof88xay","olmo31_7b_rlzero_math_eval_all_checkpoints_step_2800","0"
"0","pzy048cz","olmo31_7b_rlzero_math_eval_all_checkpoints_step_2600","0.984375"
"1","pzy048cz","olmo31_7b_rlzero_math_eval_all_checkpoints_step_2600","0.96875"
"2","pzy048cz","olmo31_7b_rlzero_math_eval_all_checkpoints_step_2600","0.953125"
"3","pzy048cz","olmo31_7b_rlzero_math_eval_all_checkpoints_step_2600","0.953125"
"4","pzy048cz","olmo31_7b_rlzero_math_eval_all_checkpoints_step_2600","0.390625"
"5","pzy048cz","olmo31_7b_rlzero_math_eval_all_checkpoints_step_2600","0.921875"
"6","pzy048cz","olmo31_7b_rlzero_math_eval_all_checkpoints_step_2600","0.671875"
"7","pzy048cz","olmo31_7b_rlzero_math_eval_all_checkpoints_step_2600","0.640625"
"8","pzy048cz","olmo31_7b_rlzero_math_eval_all_checkpoints_step_2600","1"
"9","pzy048cz","olmo31_7b_rlzero_math_eval_all_checkpoints_step_2600","1"
"10","pzy048cz","olmo31_7b_rlzero_math_eval_all_checkpoints_step_2600","0.828125"
"11","pzy048cz","olmo31_7b_rlzero_math_eval_all_checkpoints_step_2600","0.765625"
"12","pzy048cz","olmo31_7b_rlzero_math_eval_all_checkpoints_step_2600","0.96875"
"13","pzy048cz","olmo31_7b_rlzero_math_eval_all_checkpoints_step_2600","0.453125"
"14","pzy048cz","olmo31_7b_rlzero_math_eval_all_checkpoints_step_2600","0.46875"
"15","pzy048cz","olmo31_7b_rlzero_math_eval_all_checkpoints_step_2600","0.515625"
"16","pzy048cz","olmo31_7b_rlzero_math_eval_all_checkpoints_step_2600","0.640625"
"17","pzy048cz","olmo31_7b_rlzero_math_eval_all_checkpoints_step_2600","0.328125"
"18","pzy048cz","olmo31_7b_rlzero_math_eval_all_checkpoints_step_2600","0.8125"
"19","pzy048cz","olmo31_7b_rlzero_math_eval_all_checkpoints_step_2600","0.375"
"20","pzy048cz","olmo31_7b_rlzero_math_eval_all_checkpoints_step_2600","0.3125"
"21","pzy048cz","olmo31_7b_rlzero_math_eval_all_checkpoints_step_2600","0.453125"
"22","pzy048cz","olmo31_7b_rlzero_math_eval_all_checkpoints_step_2600","0.1875"
"23","pzy048cz","olmo31_7b_rlzero_math_eval_all_checkpoints_step_2600","0"
"24","pzy048cz","olmo31_7b_rlzero_math_eval_all_checkpoints_step_2600","0.15625"
"25","pzy048cz","olmo31_7b_rlzero_math_eval_all_checkpoints_step_2600","0"
"26","pzy048cz","olmo31_7b_rlzero_math_eval_all_checkpoints_step_2600","0.015625"
"27","pzy048cz","olmo31_7b_rlzero_math_eval_all_checkpoints_step_2600","0"
"28","pzy048cz","olmo31_7b_rlzero_math_eval_all_checkpoints_step_2600","0"
"29","pzy048cz","olmo31_7b_rlzero_math_eval_all_checkpoints_step_2600","0"
"30","pzy048cz","olmo31_7b_rlzero_math_eval_all_checkpoints_step_2600","0"
"31","pzy048cz","olmo31_7b_rlzero_math_eval_all_checkpoints_step_2600","0"
"32","pzy048cz","olmo31_7b_rlzero_math_eval_all_checkpoints_step_2600","0"
"33","pzy048cz","olmo31_7b_rlzero_math_eval_all_checkpoints_step_2600","0"
"34","pzy048cz","olmo31_7b_rlzero_math_eval_all_checkpoints_step_2600","0.09375"
"35","pzy048cz","olmo31_7b_rlzero_math_eval_all_checkpoints_step_2600","0"
"36","pzy048cz","olmo31_7b_rlzero_math_eval_all_checkpoints_step_2600","0.15625"
"37","pzy048cz","olmo31_7b_rlzero_math_eval_all_checkpoints_step_2600","0"
"38","pzy048cz","olmo31_7b_rlzero_math_eval_all_checkpoints_step_2600","0.078125"
"39","pzy048cz","olmo31_7b_rlzero_math_eval_all_checkpoints_step_2600","0"
"40","pzy048cz","olmo31_7b_rlzero_math_eval_all_checkpoints_step_2600","0.046875"
"41","pzy048cz","olmo31_7b_rlzero_math_eval_all_checkpoints_step_2600","0.015625"
"42","pzy048cz","olmo31_7b_rlzero_math_eval_all_checkpoints_step_2600","0"
"43","pzy048cz","olmo31_7b_rlzero_math_eval_all_checkpoints_step_2600","0"
"44","pzy048cz","olmo31_7b_rlzero_math_eval_all_checkpoints_step_2600","0"
"45","pzy048cz","olmo31_7b_rlzero_math_eval_all_checkpoints_step_2600","0"
"46","pzy048cz","olmo31_7b_rlzero_math_eval_all_checkpoints_step_2600","0"
"47","pzy048cz","olmo31_7b_rlzero_math_eval_all_checkpoints_step_2600","0"
"48","pzy048cz","olmo31_7b_rlzero_math_eval_all_checkpoints_step_2600","0"
"49","pzy048cz","olmo31_7b_rlzero_math_eval_all_checkpoints_step_2600","0"
"50","pzy048cz","olmo31_7b_rlzero_math_eval_all_checkpoints_step_2600","0"
"51","pzy048cz","olmo31_7b_rlzero_math_eval_all_checkpoints_step_2600","0"
"52","pzy048cz","olmo31_7b_rlzero_math_eval_all_checkpoints_step_2600","0"
"53","pzy048cz","olmo31_7b_rlzero_math_eval_all_checkpoints_step_2600","0.015625"
"54","pzy048cz","olmo31_7b_rlzero_math_eval_all_checkpoints_step_2600","0.3125"
"55","pzy048cz","olmo31_7b_rlzero_math_eval_all_checkpoints_step_2600","0.015625"
"56","pzy048cz","olmo31_7b_rlzero_math_eval_all_checkpoints_step_2600","0.09375"
"57","pzy048cz","olmo31_7b_rlzero_math_eval_all_checkpoints_step_2600","0"
"58","pzy048cz","olmo31_7b_rlzero_math_eval_all_checkpoints_step_2600","0"
"59","pzy048cz","olmo31_7b_rlzero_math_eval_all_checkpoints_step_2600","0"
"0","30hstp0c","olmo31_7b_rlzero_math_eval_all_checkpoints_step_2000","0.953125"
"1","30hstp0c","olmo31_7b_rlzero_math_eval_all_checkpoints_step_2000","0.984375"
"2","30hstp0c","olmo31_7b_rlzero_math_eval_all_checkpoints_step_2000","0.96875"
"3","30hstp0c","olmo31_7b_rlzero_math_eval_all_checkpoints_step_2000","0.96875"
"4","30hstp0c","olmo31_7b_rlzero_math_eval_all_checkpoints_step_2000","0.265625"
"5","30hstp0c","olmo31_7b_rlzero_math_eval_all_checkpoints_step_2000","0.890625"
"6","30hstp0c","olmo31_7b_rlzero_math_eval_all_checkpoints_step_2000","0.609375"
"7","30hstp0c","olmo31_7b_rlzero_math_eval_all_checkpoints_step_2000","0.578125"
"8","30hstp0c","olmo31_7b_rlzero_math_eval_all_checkpoints_step_2000","0.984375"
"9","30hstp0c","olmo31_7b_rlzero_math_eval_all_checkpoints_step_2000","0.96875"
"10","30hstp0c","olmo31_7b_rlzero_math_eval_all_checkpoints_step_2000","0.671875"
"11","30hstp0c","olmo31_7b_rlzero_math_eval_all_checkpoints_step_2000","0.921875"
"12","30hstp0c","olmo31_7b_rlzero_math_eval_all_checkpoints_step_2000","0.875"
"13","30hstp0c","olmo31_7b_rlzero_math_eval_all_checkpoints_step_2000","0.453125"
"14","30hstp0c","olmo31_7b_rlzero_math_eval_all_checkpoints_step_2000","0.609375"
"15","30hstp0c","olmo31_7b_rlzero_math_eval_all_checkpoints_step_2000","0.515625"
"16","30hstp0c","olmo31_7b_rlzero_math_eval_all_checkpoints_step_2000","0.703125"
"17","30hstp0c","olmo31_7b_rlzero_math_eval_all_checkpoints_step_2000","0.296875"
"18","30hstp0c","olmo31_7b_rlzero_math_eval_all_checkpoints_step_2000","0.78125"
"19","30hstp0c","olmo31_7b_rlzero_math_eval_all_checkpoints_step_2000","0.109375"
"20","30hstp0c","olmo31_7b_rlzero_math_eval_all_checkpoints_step_2000","0.15625"
"21","30hstp0c","olmo31_7b_rlzero_math_eval_all_checkpoints_step_2000","0.421875"
"22","30hstp0c","olmo31_7b_rlzero_math_eval_all_checkpoints_step_2000","0.21875"
"23","30hstp0c","olmo31_7b_rlzero_math_eval_all_checkpoints_step_2000","0"
"24","30hstp0c","olmo31_7b_rlzero_math_eval_all_checkpoints_step_2000","0.328125"
"25","30hstp0c","olmo31_7b_rlzero_math_eval_all_checkpoints_step_2000","0"
"26","30hstp0c","olmo31_7b_rlzero_math_eval_all_checkpoints_step_2000","0"
"27","30hstp0c","olmo31_7b_rlzero_math_eval_all_checkpoints_step_2000","0"
"28","30hstp0c","olmo31_7b_rlzero_math_eval_all_checkpoints_step_2000","0"
"29","30hstp0c","olmo31_7b_rlzero_math_eval_all_checkpoints_step_2000","0"
"30","30hstp0c","olmo31_7b_rlzero_math_eval_all_checkpoints_step_2000","0"
"31","30hstp0c","olmo31_7b_rlzero_math_eval_all_checkpoints_step_2000","0"
"32","30hstp0c","olmo31_7b_rlzero_math_eval_all_checkpoints_step_2000","0"
"33","30hstp0c","olmo31_7b_rlzero_math_eval_all_checkpoints_step_2000","0"
"34","30hstp0c","olmo31_7b_rlzero_math_eval_all_checkpoints_step_2000","0.03125"
"35","30hstp0c","olmo31_7b_rlzero_math_eval_all_checkpoints_step_2000","0"
"36","30hstp0c","olmo31_7b_rlzero_math_eval_all_checkpoints_step_2000","0.1875"
"37","30hstp0c","olmo31_7b_rlzero_math_eval_all_checkpoints_step_2000","0"
"38","30hstp0c","olmo31_7b_rlzero_math_eval_all_checkpoints_step_2000","0.078125"
"39","30hstp0c","olmo31_7b_rlzero_math_eval_all_checkpoints_step_2000","0"
"40","30hstp0c","olmo31_7b_rlzero_math_eval_all_checkpoints_step_2000","0.046875"
"41","30hstp0c","olmo31_7b_rlzero_math_eval_all_checkpoints_step_2000","0"
"42","30hstp0c","olmo31_7b_rlzero_math_eval_all_checkpoints_step_2000","0"
"43","30hstp0c","olmo31_7b_rlzero_math_eval_all_checkpoints_step_2000","0"
"44","30hstp0c","olmo31_7b_rlzero_math_eval_all_checkpoints_step_2000","0"
"45","30hstp0c","olmo31_7b_rlzero_math_eval_all_checkpoints_step_2000","0"
"46","30hstp0c","olmo31_7b_rlzero_math_eval_all_checkpoints_step_2000","0"
"47","30hstp0c","olmo31_7b_rlzero_math_eval_all_checkpoints_step_2000","0"
"48","30hstp0c","olmo31_7b_rlzero_math_eval_all_checkpoints_step_2000","0"
"49","30hstp0c","olmo31_7b_rlzero_math_eval_all_checkpoints_step_2000","0"
"50","30hstp0c","olmo31_7b_rlzero_math_eval_all_checkpoints_step_2000","0"
"51","30hstp0c","olmo31_7b_rlzero_math_eval_all_checkpoints_step_2000","0"
"52","30hstp0c","olmo31_7b_rlzero_math_eval_all_checkpoints_step_2000","0"
"53","30hstp0c","olmo31_7b_rlzero_math_eval_all_checkpoints_step_2000","0.0625"
"54","30hstp0c","olmo31_7b_rlzero_math_eval_all_checkpoints_step_2000","0.140625"
"55","30hstp0c","olmo31_7b_rlzero_math_eval_all_checkpoints_step_2000","0.015625"
"56","30hstp0c","olmo31_7b_rlzero_math_eval_all_checkpoints_step_2000","0.203125"
"57","30hstp0c","olmo31_7b_rlzero_math_eval_all_checkpoints_step_2000","0"
"58","30hstp0c","olmo31_7b_rlzero_math_eval_all_checkpoints_step_2000","0"
"59","30hstp0c","olmo31_7b_rlzero_math_eval_all_checkpoints_step_2000","0"
"0","rhf7be9t","olmo31_7b_rlzero_math_eval_all_checkpoints_step_1800","0.953125"
"1","rhf7be9t","olmo31_7b_rlzero_math_eval_all_checkpoints_step_1800","0.96875"
"2","rhf7be9t","olmo31_7b_rlzero_math_eval_all_checkpoints_step_1800","0.953125"
"3","rhf7be9t","olmo31_7b_rlzero_math_eval_all_checkpoints_step_1800","0.96875"
"4","rhf7be9t","olmo31_7b_rlzero_math_eval_all_checkpoints_step_1800","0.453125"
"5","rhf7be9t","olmo31_7b_rlzero_math_eval_all_checkpoints_step_1800","0.84375"
"6","rhf7be9t","olmo31_7b_rlzero_math_eval_all_checkpoints_step_1800","0.625"
"7","rhf7be9t","olmo31_7b_rlzero_math_eval_all_checkpoints_step_1800","0.46875"
"8","rhf7be9t","olmo31_7b_rlzero_math_eval_all_checkpoints_step_1800","0.984375"
"9","rhf7be9t","olmo31_7b_rlzero_math_eval_all_checkpoints_step_1800","1"
"10","rhf7be9t","olmo31_7b_rlzero_math_eval_all_checkpoints_step_1800","0.765625"
"11","rhf7be9t","olmo31_7b_rlzero_math_eval_all_checkpoints_step_1800","0.875"
"12","rhf7be9t","olmo31_7b_rlzero_math_eval_all_checkpoints_step_1800","0.9375"
"13","rhf7be9t","olmo31_7b_rlzero_math_eval_all_checkpoints_step_1800","0.578125"
"14","rhf7be9t","olmo31_7b_rlzero_math_eval_all_checkpoints_step_1800","0.546875"
"15","rhf7be9t","olmo31_7b_rlzero_math_eval_all_checkpoints_step_1800","0.5"
"16","rhf7be9t","olmo31_7b_rlzero_math_eval_all_checkpoints_step_1800","0.71875"
"17","rhf7be9t","olmo31_7b_rlzero_math_eval_all_checkpoints_step_1800","0.265625"
"18","rhf7be9t","olmo31_7b_rlzero_math_eval_all_checkpoints_step_1800","0.828125"
"19","rhf7be9t","olmo31_7b_rlzero_math_eval_all_checkpoints_step_1800","0.171875"
"20","rhf7be9t","olmo31_7b_rlzero_math_eval_all_checkpoints_step_1800","0.265625"
"21","rhf7be9t","olmo31_7b_rlzero_math_eval_all_checkpoints_step_1800","0.296875"
"22","rhf7be9t","olmo31_7b_rlzero_math_eval_all_checkpoints_step_1800","0.140625"
"23","rhf7be9t","olmo31_7b_rlzero_math_eval_all_checkpoints_step_1800","0"
"24","rhf7be9t","olmo31_7b_rlzero_math_eval_all_checkpoints_step_1800","0.328125"
"25","rhf7be9t","olmo31_7b_rlzero_math_eval_all_checkpoints_step_1800","0"
"26","rhf7be9t","olmo31_7b_rlzero_math_eval_all_checkpoints_step_1800","0.015625"
"27","rhf7be9t","olmo31_7b_rlzero_math_eval_all_checkpoints_step_1800","0"
"28","rhf7be9t","olmo31_7b_rlzero_math_eval_all_checkpoints_step_1800","0"
"29","rhf7be9t","olmo31_7b_rlzero_math_eval_all_checkpoints_step_1800","0"
"30","rhf7be9t","olmo31_7b_rlzero_math_eval_all_checkpoints_step_1800","0"
"31","rhf7be9t","olmo31_7b_rlzero_math_eval_all_checkpoints_step_1800","0"
"32","rhf7be9t","olmo31_7b_rlzero_math_eval_all_checkpoints_step_1800","0"
"33","rhf7be9t","olmo31_7b_rlzero_math_eval_all_checkpoints_step_1800","0"
"34","rhf7be9t","olmo31_7b_rlzero_math_eval_all_checkpoints_step_1800","0.03125"
"35","rhf7be9t","olmo31_7b_rlzero_math_eval_all_checkpoints_step_1800","0"
"36","rhf7be9t","olmo31_7b_rlzero_math_eval_all_checkpoints_step_1800","0.171875"
"37","rhf7be9t","olmo31_7b_rlzero_math_eval_all_checkpoints_step_1800","0"
"38","rhf7be9t","olmo31_7b_rlzero_math_eval_all_checkpoints_step_1800","0.015625"
"39","rhf7be9t","olmo31_7b_rlzero_math_eval_all_checkpoints_step_1800","0.015625"
"40","rhf7be9t","olmo31_7b_rlzero_math_eval_all_checkpoints_step_1800","0"
"41","rhf7be9t","olmo31_7b_rlzero_math_eval_all_checkpoints_step_1800","0.03125"
"42","rhf7be9t","olmo31_7b_rlzero_math_eval_all_checkpoints_step_1800","0"
"43","rhf7be9t","olmo31_7b_rlzero_math_eval_all_checkpoints_step_1800","0"
"44","rhf7be9t","olmo31_7b_rlzero_math_eval_all_checkpoints_step_1800","0"
"45","rhf7be9t","olmo31_7b_rlzero_math_eval_all_checkpoints_step_1800","0"
"46","rhf7be9t","olmo31_7b_rlzero_math_eval_all_checkpoints_step_1800","0"
"47","rhf7be9t","olmo31_7b_rlzero_math_eval_all_checkpoints_step_1800","0"
"48","rhf7be9t","olmo31_7b_rlzero_math_eval_all_checkpoints_step_1800","0"
"49","rhf7be9t","olmo31_7b_rlzero_math_eval_all_checkpoints_step_1800","0"
"50","rhf7be9t","olmo31_7b_rlzero_math_eval_all_checkpoints_step_1800","0"
"51","rhf7be9t","olmo31_7b_rlzero_math_eval_all_checkpoints_step_1800","0"
"52","rhf7be9t","olmo31_7b_rlzero_math_eval_all_checkpoints_step_1800","0"
"53","rhf7be9t","olmo31_7b_rlzero_math_eval_all_checkpoints_step_1800","0.0625"
"54","rhf7be9t","olmo31_7b_rlzero_math_eval_all_checkpoints_step_1800","0.078125"
"55","rhf7be9t","olmo31_7b_rlzero_math_eval_all_checkpoints_step_1800","0.03125"
"56","rhf7be9t","olmo31_7b_rlzero_math_eval_all_checkpoints_step_1800","0.140625"
"57","rhf7be9t","olmo31_7b_rlzero_math_eval_all_checkpoints_step_1800","0"
"58","rhf7be9t","olmo31_7b_rlzero_math_eval_all_checkpoints_step_1800","0.015625"
"59","rhf7be9t","olmo31_7b_rlzero_math_eval_all_checkpoints_step_1800","0"
"0","sdgmbkn8","olmo31_7b_rlzero_math_eval_all_checkpoints_step_2200","0.984375"
"1","sdgmbkn8","olmo31_7b_rlzero_math_eval_all_checkpoints_step_2200","0.96875"
"2","sdgmbkn8","olmo31_7b_rlzero_math_eval_all_checkpoints_step_2200","0.953125"
"3","sdgmbkn8","olmo31_7b_rlzero_math_eval_all_checkpoints_step_2200","0.9375"
"4","sdgmbkn8","olmo31_7b_rlzero_math_eval_all_checkpoints_step_2200","0.265625"
"5","sdgmbkn8","olmo31_7b_rlzero_math_eval_all_checkpoints_step_2200","0.890625"
"6","sdgmbkn8","olmo31_7b_rlzero_math_eval_all_checkpoints_step_2200","0.640625"
"7","sdgmbkn8","olmo31_7b_rlzero_math_eval_all_checkpoints_step_2200","0.53125"
"8","sdgmbkn8","olmo31_7b_rlzero_math_eval_all_checkpoints_step_2200","1"
"9","sdgmbkn8","olmo31_7b_rlzero_math_eval_all_checkpoints_step_2200","1"
"10","sdgmbkn8","olmo31_7b_rlzero_math_eval_all_checkpoints_step_2200","0.828125"
"11","sdgmbkn8","olmo31_7b_rlzero_math_eval_all_checkpoints_step_2200","0.84375"
"12","sdgmbkn8","olmo31_7b_rlzero_math_eval_all_checkpoints_step_2200","1"
"13","sdgmbkn8","olmo31_7b_rlzero_math_eval_all_checkpoints_step_2200","0.453125"
"14","sdgmbkn8","olmo31_7b_rlzero_math_eval_all_checkpoints_step_2200","0.59375"
"15","sdgmbkn8","olmo31_7b_rlzero_math_eval_all_checkpoints_step_2200","0.578125"
"16","sdgmbkn8","olmo31_7b_rlzero_math_eval_all_checkpoints_step_2200","0.71875"
"17","sdgmbkn8","olmo31_7b_rlzero_math_eval_all_checkpoints_step_2200","0.359375"
"18","sdgmbkn8","olmo31_7b_rlzero_math_eval_all_checkpoints_step_2200","0.84375"
"19","sdgmbkn8","olmo31_7b_rlzero_math_eval_all_checkpoints_step_2200","0.171875"
"20","sdgmbkn8","olmo31_7b_rlzero_math_eval_all_checkpoints_step_2200","0.21875"
"21","sdgmbkn8","olmo31_7b_rlzero_math_eval_all_checkpoints_step_2200","0.453125"
"22","sdgmbkn8","olmo31_7b_rlzero_math_eval_all_checkpoints_step_2200","0.1875"
"23","sdgmbkn8","olmo31_7b_rlzero_math_eval_all_checkpoints_step_2200","0"
"24","sdgmbkn8","olmo31_7b_rlzero_math_eval_all_checkpoints_step_2200","0.328125"
"25","sdgmbkn8","olmo31_7b_rlzero_math_eval_all_checkpoints_step_2200","0"
"26","sdgmbkn8","olmo31_7b_rlzero_math_eval_all_checkpoints_step_2200","0"
"27","sdgmbkn8","olmo31_7b_rlzero_math_eval_all_checkpoints_step_2200","0"
"28","sdgmbkn8","olmo31_7b_rlzero_math_eval_all_checkpoints_step_2200","0"
"29","sdgmbkn8","olmo31_7b_rlzero_math_eval_all_checkpoints_step_2200","0"
"30","sdgmbkn8","olmo31_7b_rlzero_math_eval_all_checkpoints_step_2200","0"
"31","sdgmbkn8","olmo31_7b_rlzero_math_eval_all_checkpoints_step_2200","0"
"32","sdgmbkn8","olmo31_7b_rlzero_math_eval_all_checkpoints_step_2200","0"
"33","sdgmbkn8","olmo31_7b_rlzero_math_eval_all_checkpoints_step_2200","0"
"34","sdgmbkn8","olmo31_7b_rlzero_math_eval_all_checkpoints_step_2200","0.0625"
"35","sdgmbkn8","olmo31_7b_rlzero_math_eval_all_checkpoints_step_2200","0"
"36","sdgmbkn8","olmo31_7b_rlzero_math_eval_all_checkpoints_step_2200","0.21875"
"37","sdgmbkn8","olmo31_7b_rlzero_math_eval_all_checkpoints_step_2200","0"
"38","sdgmbkn8","olmo31_7b_rlzero_math_eval_all_checkpoints_step_2200","0.03125"
"39","sdgmbkn8","olmo31_7b_rlzero_math_eval_all_checkpoints_step_2200","0"
"40","sdgmbkn8","olmo31_7b_rlzero_math_eval_all_checkpoints_step_2200","0.0625"
"41","sdgmbkn8","olmo31_7b_rlzero_math_eval_all_checkpoints_step_2200","0.03125"
"42","sdgmbkn8","olmo31_7b_rlzero_math_eval_all_checkpoints_step_2200","0"
"43","sdgmbkn8","olmo31_7b_rlzero_math_eval_all_checkpoints_step_2200","0"
"44","sdgmbkn8","olmo31_7b_rlzero_math_eval_all_checkpoints_step_2200","0"
"45","sdgmbkn8","olmo31_7b_rlzero_math_eval_all_checkpoints_step_2200","0"
"46","sdgmbkn8","olmo31_7b_rlzero_math_eval_all_checkpoints_step_2200","0"
"47","sdgmbkn8","olmo31_7b_rlzero_math_eval_all_checkpoints_step_2200","0"
"48","sdgmbkn8","olmo31_7b_rlzero_math_eval_all_checkpoints_step_2200","0"
"49","sdgmbkn8","olmo31_7b_rlzero_math_eval_all_checkpoints_step_2200","0"
"50","sdgmbkn8","olmo31_7b_rlzero_math_eval_all_checkpoints_step_2200","0"
"51","sdgmbkn8","olmo31_7b_rlzero_math_eval_all_checkpoints_step_2200","0"
"52","sdgmbkn8","olmo31_7b_rlzero_math_eval_all_checkpoints_step_2200","0"
"53","sdgmbkn8","olmo31_7b_rlzero_math_eval_all_checkpoints_step_2200","0.015625"
"54","sdgmbkn8","olmo31_7b_rlzero_math_eval_all_checkpoints_step_2200","0.109375"
"55","sdgmbkn8","olmo31_7b_rlzero_math_eval_all_checkpoints_step_2200","0.03125"
"56","sdgmbkn8","olmo31_7b_rlzero_math_eval_all_checkpoints_step_2200","0.125"
"57","sdgmbkn8","olmo31_7b_rlzero_math_eval_all_checkpoints_step_2200","0"
"58","sdgmbkn8","olmo31_7b_rlzero_math_eval_all_checkpoints_step_2200","0.015625"
"59","sdgmbkn8","olmo31_7b_rlzero_math_eval_all_checkpoints_step_2200","0"
"0","uwmmcz06","olmo31_7b_rlzero_math_eval_all_checkpoints_step_1400","0.953125"
"1","uwmmcz06","olmo31_7b_rlzero_math_eval_all_checkpoints_step_1400","0.96875"
"2","uwmmcz06","olmo31_7b_rlzero_math_eval_all_checkpoints_step_1400","0.96875"
"3","uwmmcz06","olmo31_7b_rlzero_math_eval_all_checkpoints_step_1400","0.84375"
"4","uwmmcz06","olmo31_7b_rlzero_math_eval_all_checkpoints_step_1400","0.359375"
"5","uwmmcz06","olmo31_7b_rlzero_math_eval_all_checkpoints_step_1400","0.84375"
"6","uwmmcz06","olmo31_7b_rlzero_math_eval_all_checkpoints_step_1400","0.671875"
"7","uwmmcz06","olmo31_7b_rlzero_math_eval_all_checkpoints_step_1400","0.375"
"8","uwmmcz06","olmo31_7b_rlzero_math_eval_all_checkpoints_step_1400","1"
"9","uwmmcz06","olmo31_7b_rlzero_math_eval_all_checkpoints_step_1400","0.984375"
"10","uwmmcz06","olmo31_7b_rlzero_math_eval_all_checkpoints_step_1400","0.796875"
"11","uwmmcz06","olmo31_7b_rlzero_math_eval_all_checkpoints_step_1400","0.875"
"12","uwmmcz06","olmo31_7b_rlzero_math_eval_all_checkpoints_step_1400","0.9375"
"13","uwmmcz06","olmo31_7b_rlzero_math_eval_all_checkpoints_step_1400","0.25"
"14","uwmmcz06","olmo31_7b_rlzero_math_eval_all_checkpoints_step_1400","0.484375"
"15","uwmmcz06","olmo31_7b_rlzero_math_eval_all_checkpoints_step_1400","0.4375"
"16","uwmmcz06","olmo31_7b_rlzero_math_eval_all_checkpoints_step_1400","0.5625"
"17","uwmmcz06","olmo31_7b_rlzero_math_eval_all_checkpoints_step_1400","0.265625"
"18","uwmmcz06","olmo31_7b_rlzero_math_eval_all_checkpoints_step_1400","0.8125"
"19","uwmmcz06","olmo31_7b_rlzero_math_eval_all_checkpoints_step_1400","0.140625"
"20","uwmmcz06","olmo31_7b_rlzero_math_eval_all_checkpoints_step_1400","0.125"
"21","uwmmcz06","olmo31_7b_rlzero_math_eval_all_checkpoints_step_1400","0.265625"
"22","uwmmcz06","olmo31_7b_rlzero_math_eval_all_checkpoints_step_1400","0.046875"
"23","uwmmcz06","olmo31_7b_rlzero_math_eval_all_checkpoints_step_1400","0"
"24","uwmmcz06","olmo31_7b_rlzero_math_eval_all_checkpoints_step_1400","0.234375"
"25","uwmmcz06","olmo31_7b_rlzero_math_eval_all_checkpoints_step_1400","0"
"26","uwmmcz06","olmo31_7b_rlzero_math_eval_all_checkpoints_step_1400","0.0625"
"27","uwmmcz06","olmo31_7b_rlzero_math_eval_all_checkpoints_step_1400","0"
"28","uwmmcz06","olmo31_7b_rlzero_math_eval_all_checkpoints_step_1400","0"
"29","uwmmcz06","olmo31_7b_rlzero_math_eval_all_checkpoints_step_1400","0"
"30","uwmmcz06","olmo31_7b_rlzero_math_eval_all_checkpoints_step_1400","0"
"31","uwmmcz06","olmo31_7b_rlzero_math_eval_all_checkpoints_step_1400","0"
"32","uwmmcz06","olmo31_7b_rlzero_math_eval_all_checkpoints_step_1400","0"
"33","uwmmcz06","olmo31_7b_rlzero_math_eval_all_checkpoints_step_1400","0"
"34","uwmmcz06","olmo31_7b_rlzero_math_eval_all_checkpoints_step_1400","0.015625"
"35","uwmmcz06","olmo31_7b_rlzero_math_eval_all_checkpoints_step_1400","0"
"36","uwmmcz06","olmo31_7b_rlzero_math_eval_all_checkpoints_step_1400","0.109375"
"37","uwmmcz06","olmo31_7b_rlzero_math_eval_all_checkpoints_step_1400","0"
"38","uwmmcz06","olmo31_7b_rlzero_math_eval_all_checkpoints_step_1400","0.015625"
"39","uwmmcz06","olmo31_7b_rlzero_math_eval_all_checkpoints_step_1400","0"
"40","uwmmcz06","olmo31_7b_rlzero_math_eval_all_checkpoints_step_1400","0.046875"
"41","uwmmcz06","olmo31_7b_rlzero_math_eval_all_checkpoints_step_1400","0"
"42","uwmmcz06","olmo31_7b_rlzero_math_eval_all_checkpoints_step_1400","0"
"43","uwmmcz06","olmo31_7b_rlzero_math_eval_all_checkpoints_step_1400","0"
"44","uwmmcz06","olmo31_7b_rlzero_math_eval_all_checkpoints_step_1400","0"
"45","uwmmcz06","olmo31_7b_rlzero_math_eval_all_checkpoints_step_1400","0"
"46","uwmmcz06","olmo31_7b_rlzero_math_eval_all_checkpoints_step_1400","0"
"47","uwmmcz06","olmo31_7b_rlzero_math_eval_all_checkpoints_step_1400","0"
"48","uwmmcz06","olmo31_7b_rlzero_math_eval_all_checkpoints_step_1400","0"
"49","uwmmcz06","olmo31_7b_rlzero_math_eval_all_checkpoints_step_1400","0"
"50","uwmmcz06","olmo31_7b_rlzero_math_eval_all_checkpoints_step_1400","0"
"51","uwmmcz06","olmo31_7b_rlzero_math_eval_all_checkpoints_step_1400","0"
"52","uwmmcz06","olmo31_7b_rlzero_math_eval_all_checkpoints_step_1400","0"
"53","uwmmcz06","olmo31_7b_rlzero_math_eval_all_checkpoints_step_1400","0.046875"
"54","uwmmcz06","olmo31_7b_rlzero_math_eval_all_checkpoints_step_1400","0.140625"
"55","uwmmcz06","olmo31_7b_rlzero_math_eval_all_checkpoints_step_1400","0.015625"
"56","uwmmcz06","olmo31_7b_rlzero_math_eval_all_checkpoints_step_1400","0.125"
"57","uwmmcz06","olmo31_7b_rlzero_math_eval_all_checkpoints_step_1400","0"
"58","uwmmcz06","olmo31_7b_rlzero_math_eval_all_checkpoints_step_1400","0"
"59","uwmmcz06","olmo31_7b_rlzero_math_eval_all_checkpoints_step_1400","0.015625"
"0","anmdon6t","olmo31_7b_rlzero_math_eval_all_checkpoints_step_1200","0.953125"
"1","anmdon6t","olmo31_7b_rlzero_math_eval_all_checkpoints_step_1200","0.9375"
"2","anmdon6t","olmo31_7b_rlzero_math_eval_all_checkpoints_step_1200","0.921875"
"3","anmdon6t","olmo31_7b_rlzero_math_eval_all_checkpoints_step_1200","0.953125"
"4","anmdon6t","olmo31_7b_rlzero_math_eval_all_checkpoints_step_1200","0.46875"
"5","anmdon6t","olmo31_7b_rlzero_math_eval_all_checkpoints_step_1200","0.953125"
"6","anmdon6t","olmo31_7b_rlzero_math_eval_all_checkpoints_step_1200","0.625"
"7","anmdon6t","olmo31_7b_rlzero_math_eval_all_checkpoints_step_1200","0.3125"
"8","anmdon6t","olmo31_7b_rlzero_math_eval_all_checkpoints_step_1200","1"
"9","anmdon6t","olmo31_7b_rlzero_math_eval_all_checkpoints_step_1200","1"
"10","anmdon6t","olmo31_7b_rlzero_math_eval_all_checkpoints_step_1200","0.84375"
"11","anmdon6t","olmo31_7b_rlzero_math_eval_all_checkpoints_step_1200","0.90625"
"12","anmdon6t","olmo31_7b_rlzero_math_eval_all_checkpoints_step_1200","0.859375"
"13","anmdon6t","olmo31_7b_rlzero_math_eval_all_checkpoints_step_1200","0.296875"
"14","anmdon6t","olmo31_7b_rlzero_math_eval_all_checkpoints_step_1200","0.578125"
"15","anmdon6t","olmo31_7b_rlzero_math_eval_all_checkpoints_step_1200","0.4375"
"16","anmdon6t","olmo31_7b_rlzero_math_eval_all_checkpoints_step_1200","0.625"
"17","anmdon6t","olmo31_7b_rlzero_math_eval_all_checkpoints_step_1200","0.234375"
"18","anmdon6t","olmo31_7b_rlzero_math_eval_all_checkpoints_step_1200","0.796875"
"19","anmdon6t","olmo31_7b_rlzero_math_eval_all_checkpoints_step_1200","0.125"
"20","anmdon6t","olmo31_7b_rlzero_math_eval_all_checkpoints_step_1200","0.03125"
"21","anmdon6t","olmo31_7b_rlzero_math_eval_all_checkpoints_step_1200","0.3125"
"22","anmdon6t","olmo31_7b_rlzero_math_eval_all_checkpoints_step_1200","0.078125"
"23","anmdon6t","olmo31_7b_rlzero_math_eval_all_checkpoints_step_1200","0"
"24","anmdon6t","olmo31_7b_rlzero_math_eval_all_checkpoints_step_1200","0.15625"
"25","anmdon6t","olmo31_7b_rlzero_math_eval_all_checkpoints_step_1200","0"
"26","anmdon6t","olmo31_7b_rlzero_math_eval_all_checkpoints_step_1200","0.078125"
"27","anmdon6t","olmo31_7b_rlzero_math_eval_all_checkpoints_step_1200","0"
"28","anmdon6t","olmo31_7b_rlzero_math_eval_all_checkpoints_step_1200","0"
"29","anmdon6t","olmo31_7b_rlzero_math_eval_all_checkpoints_step_1200","0"
"30","anmdon6t","olmo31_7b_rlzero_math_eval_all_checkpoints_step_1200","0"
"31","anmdon6t","olmo31_7b_rlzero_math_eval_all_checkpoints_step_1200","0"
"32","anmdon6t","olmo31_7b_rlzero_math_eval_all_checkpoints_step_1200","0"
"33","anmdon6t","olmo31_7b_rlzero_math_eval_all_checkpoints_step_1200","0"
"34","anmdon6t","olmo31_7b_rlzero_math_eval_all_checkpoints_step_1200","0.015625"
"35","anmdon6t","olmo31_7b_rlzero_math_eval_all_checkpoints_step_1200","0"
"36","anmdon6t","olmo31_7b_rlzero_math_eval_all_checkpoints_step_1200","0.125"
"37","anmdon6t","olmo31_7b_rlzero_math_eval_all_checkpoints_step_1200","0"
"38","anmdon6t","olmo31_7b_rlzero_math_eval_all_checkpoints_step_1200","0"
"39","anmdon6t","olmo31_7b_rlzero_math_eval_all_checkpoints_step_1200","0"
"40","anmdon6t","olmo31_7b_rlzero_math_eval_all_checkpoints_step_1200","0.046875"
"41","anmdon6t","olmo31_7b_rlzero_math_eval_all_checkpoints_step_1200","0.015625"
"42","anmdon6t","olmo31_7b_rlzero_math_eval_all_checkpoints_step_1200","0"
"43","anmdon6t","olmo31_7b_rlzero_math_eval_all_checkpoints_step_1200","0"
"44","anmdon6t","olmo31_7b_rlzero_math_eval_all_checkpoints_step_1200","0"
"45","anmdon6t","olmo31_7b_rlzero_math_eval_all_checkpoints_step_1200","0"
"46","anmdon6t","olmo31_7b_rlzero_math_eval_all_checkpoints_step_1200","0"
"47","anmdon6t","olmo31_7b_rlzero_math_eval_all_checkpoints_step_1200","0"
"48","anmdon6t","olmo31_7b_rlzero_math_eval_all_checkpoints_step_1200","0"
"49","anmdon6t","olmo31_7b_rlzero_math_eval_all_checkpoints_step_1200","0"
"50","anmdon6t","olmo31_7b_rlzero_math_eval_all_checkpoints_step_1200","0"
"51","anmdon6t","olmo31_7b_rlzero_math_eval_all_checkpoints_step_1200","0"
"52","anmdon6t","olmo31_7b_rlzero_math_eval_all_checkpoints_step_1200","0"
"53","anmdon6t","olmo31_7b_rlzero_math_eval_all_checkpoints_step_1200","0.046875"
"54","anmdon6t","olmo31_7b_rlzero_math_eval_all_checkpoints_step_1200","0.09375"
"55","anmdon6t","olmo31_7b_rlzero_math_eval_all_checkpoints_step_1200","0.015625"
"56","anmdon6t","olmo31_7b_rlzero_math_eval_all_checkpoints_step_1200","0.0625"
"57","anmdon6t","olmo31_7b_rlzero_math_eval_all_checkpoints_step_1200","0"
"58","anmdon6t","olmo31_7b_rlzero_math_eval_all_checkpoints_step_1200","0"
"59","anmdon6t","olmo31_7b_rlzero_math_eval_all_checkpoints_step_1200","0"
"0","lwguzbsy","olmo31_7b_rlzero_math_eval_all_checkpoints_step_1600","0.984375"
"1","lwguzbsy","olmo31_7b_rlzero_math_eval_all_checkpoints_step_1600","0.96875"
"2","lwguzbsy","olmo31_7b_rlzero_math_eval_all_checkpoints_step_1600","0.921875"
"3","lwguzbsy","olmo31_7b_rlzero_math_eval_all_checkpoints_step_1600","0.9375"
"4","lwguzbsy","olmo31_7b_rlzero_math_eval_all_checkpoints_step_1600","0.390625"
"5","lwguzbsy","olmo31_7b_rlzero_math_eval_all_checkpoints_step_1600","0.859375"
"6","lwguzbsy","olmo31_7b_rlzero_math_eval_all_checkpoints_step_1600","0.75"
"7","lwguzbsy","olmo31_7b_rlzero_math_eval_all_checkpoints_step_1600","0.421875"
"8","lwguzbsy","olmo31_7b_rlzero_math_eval_all_checkpoints_step_1600","1"
"9","lwguzbsy","olmo31_7b_rlzero_math_eval_all_checkpoints_step_1600","1"
"10","lwguzbsy","olmo31_7b_rlzero_math_eval_all_checkpoints_step_1600","0.796875"
"11","lwguzbsy","olmo31_7b_rlzero_math_eval_all_checkpoints_step_1600","0.84375"
"12","lwguzbsy","olmo31_7b_rlzero_math_eval_all_checkpoints_step_1600","0.90625"
"13","lwguzbsy","olmo31_7b_rlzero_math_eval_all_checkpoints_step_1600","0.390625"
"14","lwguzbsy","olmo31_7b_rlzero_math_eval_all_checkpoints_step_1600","0.515625"
"15","lwguzbsy","olmo31_7b_rlzero_math_eval_all_checkpoints_step_1600","0.390625"
"16","lwguzbsy","olmo31_7b_rlzero_math_eval_all_checkpoints_step_1600","0.6875"
"17","lwguzbsy","olmo31_7b_rlzero_math_eval_all_checkpoints_step_1600","0.234375"
"18","lwguzbsy","olmo31_7b_rlzero_math_eval_all_checkpoints_step_1600","0.84375"
"19","lwguzbsy","olmo31_7b_rlzero_math_eval_all_checkpoints_step_1600","0.203125"
"20","lwguzbsy","olmo31_7b_rlzero_math_eval_all_checkpoints_step_1600","0.203125"
"21","lwguzbsy","olmo31_7b_rlzero_math_eval_all_checkpoints_step_1600","0.296875"
"22","lwguzbsy","olmo31_7b_rlzero_math_eval_all_checkpoints_step_1600","0.015625"
"23","lwguzbsy","olmo31_7b_rlzero_math_eval_all_checkpoints_step_1600","0"
"24","lwguzbsy","olmo31_7b_rlzero_math_eval_all_checkpoints_step_1600","0.21875"
"25","lwguzbsy","olmo31_7b_rlzero_math_eval_all_checkpoints_step_1600","0"
"26","lwguzbsy","olmo31_7b_rlzero_math_eval_all_checkpoints_step_1600","0.015625"
"27","lwguzbsy","olmo31_7b_rlzero_math_eval_all_checkpoints_step_1600","0"
"28","lwguzbsy","olmo31_7b_rlzero_math_eval_all_checkpoints_step_1600","0"
"29","lwguzbsy","olmo31_7b_rlzero_math_eval_all_checkpoints_step_1600","0"
"30","lwguzbsy","olmo31_7b_rlzero_math_eval_all_checkpoints_step_1600","0"
"31","lwguzbsy","olmo31_7b_rlzero_math_eval_all_checkpoints_step_1600","0"
"32","lwguzbsy","olmo31_7b_rlzero_math_eval_all_checkpoints_step_1600","0"
"33","lwguzbsy","olmo31_7b_rlzero_math_eval_all_checkpoints_step_1600","0"
"34","lwguzbsy","olmo31_7b_rlzero_math_eval_all_checkpoints_step_1600","0.015625"
"35","lwguzbsy","olmo31_7b_rlzero_math_eval_all_checkpoints_step_1600","0"
"36","lwguzbsy","olmo31_7b_rlzero_math_eval_all_checkpoints_step_1600","0.140625"
"37","lwguzbsy","olmo31_7b_rlzero_math_eval_all_checkpoints_step_1600","0"
"38","lwguzbsy","olmo31_7b_rlzero_math_eval_all_checkpoints_step_1600","0.046875"
"39","lwguzbsy","olmo31_7b_rlzero_math_eval_all_checkpoints_step_1600","0"
"40","lwguzbsy","olmo31_7b_rlzero_math_eval_all_checkpoints_step_1600","0.046875"
"41","lwguzbsy","olmo31_7b_rlzero_math_eval_all_checkpoints_step_1600","0.03125"
"42","lwguzbsy","olmo31_7b_rlzero_math_eval_all_checkpoints_step_1600","0"
"43","lwguzbsy","olmo31_7b_rlzero_math_eval_all_checkpoints_step_1600","0"
"44","lwguzbsy","olmo31_7b_rlzero_math_eval_all_checkpoints_step_1600","0"
"45","lwguzbsy","olmo31_7b_rlzero_math_eval_all_checkpoints_step_1600","0"
"46","lwguzbsy","olmo31_7b_rlzero_math_eval_all_checkpoints_step_1600","0"
"47","lwguzbsy","olmo31_7b_rlzero_math_eval_all_checkpoints_step_1600","0"
"48","lwguzbsy","olmo31_7b_rlzero_math_eval_all_checkpoints_step_1600","0"
"49","lwguzbsy","olmo31_7b_rlzero_math_eval_all_checkpoints_step_1600","0"
"50","lwguzbsy","olmo31_7b_rlzero_math_eval_all_checkpoints_step_1600","0"
"51","lwguzbsy","olmo31_7b_rlzero_math_eval_all_checkpoints_step_1600","0"
"52","lwguzbsy","olmo31_7b_rlzero_math_eval_all_checkpoints_step_1600","0"
"53","lwguzbsy","olmo31_7b_rlzero_math_eval_all_checkpoints_step_1600","0.09375"
"54","lwguzbsy","olmo31_7b_rlzero_math_eval_all_checkpoints_step_1600","0.046875"
"55","lwguzbsy","olmo31_7b_rlzero_math_eval_all_checkpoints_step_1600","0.046875"
"56","lwguzbsy","olmo31_7b_rlzero_math_eval_all_checkpoints_step_1600","0.125"
"57","lwguzbsy","olmo31_7b_rlzero_math_eval_all_checkpoints_step_1600","0"
"58","lwguzbsy","olmo31_7b_rlzero_math_eval_all_checkpoints_step_1600","0"
"59","lwguzbsy","olmo31_7b_rlzero_math_eval_all_checkpoints_step_1600","0"
"0","j29e73ju","olmo31_7b_rlzero_math_eval_all_checkpoints_step_1000","0.90625"
"1","j29e73ju","olmo31_7b_rlzero_math_eval_all_checkpoints_step_1000","0.953125"
"2","j29e73ju","olmo31_7b_rlzero_math_eval_all_checkpoints_step_1000","0.984375"
"3","j29e73ju","olmo31_7b_rlzero_math_eval_all_checkpoints_step_1000","0.984375"
"4","j29e73ju","olmo31_7b_rlzero_math_eval_all_checkpoints_step_1000","0.453125"
"5","j29e73ju","olmo31_7b_rlzero_math_eval_all_checkpoints_step_1000","0.890625"
"6","j29e73ju","olmo31_7b_rlzero_math_eval_all_checkpoints_step_1000","0.46875"
"7","j29e73ju","olmo31_7b_rlzero_math_eval_all_checkpoints_step_1000","0.375"
"8","j29e73ju","olmo31_7b_rlzero_math_eval_all_checkpoints_step_1000","0.984375"
"9","j29e73ju","olmo31_7b_rlzero_math_eval_all_checkpoints_step_1000","0.984375"
"10","j29e73ju","olmo31_7b_rlzero_math_eval_all_checkpoints_step_1000","0.828125"
"11","j29e73ju","olmo31_7b_rlzero_math_eval_all_checkpoints_step_1000","0.875"
"12","j29e73ju","olmo31_7b_rlzero_math_eval_all_checkpoints_step_1000","0.859375"
"13","j29e73ju","olmo31_7b_rlzero_math_eval_all_checkpoints_step_1000","0.328125"
"14","j29e73ju","olmo31_7b_rlzero_math_eval_all_checkpoints_step_1000","0.4375"
"15","j29e73ju","olmo31_7b_rlzero_math_eval_all_checkpoints_step_1000","0.46875"
"16","j29e73ju","olmo31_7b_rlzero_math_eval_all_checkpoints_step_1000","0.5625"
"17","j29e73ju","olmo31_7b_rlzero_math_eval_all_checkpoints_step_1000","0.265625"
"18","j29e73ju","olmo31_7b_rlzero_math_eval_all_checkpoints_step_1000","0.765625"
"19","j29e73ju","olmo31_7b_rlzero_math_eval_all_checkpoints_step_1000","0.078125"
"20","j29e73ju","olmo31_7b_rlzero_math_eval_all_checkpoints_step_1000","0.109375"
"21","j29e73ju","olmo31_7b_rlzero_math_eval_all_checkpoints_step_1000","0.265625"
"22","j29e73ju","olmo31_7b_rlzero_math_eval_all_checkpoints_step_1000","0.046875"
"23","j29e73ju","olmo31_7b_rlzero_math_eval_all_checkpoints_step_1000","0"
"24","j29e73ju","olmo31_7b_rlzero_math_eval_all_checkpoints_step_1000","0.140625"
"25","j29e73ju","olmo31_7b_rlzero_math_eval_all_checkpoints_step_1000","0"
"26","j29e73ju","olmo31_7b_rlzero_math_eval_all_checkpoints_step_1000","0.03125"
"27","j29e73ju","olmo31_7b_rlzero_math_eval_all_checkpoints_step_1000","0"
"28","j29e73ju","olmo31_7b_rlzero_math_eval_all_checkpoints_step_1000","0"
"29","j29e73ju","olmo31_7b_rlzero_math_eval_all_checkpoints_step_1000","0"
"30","j29e73ju","olmo31_7b_rlzero_math_eval_all_checkpoints_step_1000","0"
"31","j29e73ju","olmo31_7b_rlzero_math_eval_all_checkpoints_step_1000","0"
"32","j29e73ju","olmo31_7b_rlzero_math_eval_all_checkpoints_step_1000","0"
"33","j29e73ju","olmo31_7b_rlzero_math_eval_all_checkpoints_step_1000","0"
"34","j29e73ju","olmo31_7b_rlzero_math_eval_all_checkpoints_step_1000","0"
"35","j29e73ju","olmo31_7b_rlzero_math_eval_all_checkpoints_step_1000","0"
"36","j29e73ju","olmo31_7b_rlzero_math_eval_all_checkpoints_step_1000","0.171875"
"37","j29e73ju","olmo31_7b_rlzero_math_eval_all_checkpoints_step_1000","0"
"38","j29e73ju","olmo31_7b_rlzero_math_eval_all_checkpoints_step_1000","0.03125"
"39","j29e73ju","olmo31_7b_rlzero_math_eval_all_checkpoints_step_1000","0"
"40","j29e73ju","olmo31_7b_rlzero_math_eval_all_checkpoints_step_1000","0.03125"
"41","j29e73ju","olmo31_7b_rlzero_math_eval_all_checkpoints_step_1000","0.03125"
"42","j29e73ju","olmo31_7b_rlzero_math_eval_all_checkpoints_step_1000","0"
"43","j29e73ju","olmo31_7b_rlzero_math_eval_all_checkpoints_step_1000","0"
"44","j29e73ju","olmo31_7b_rlzero_math_eval_all_checkpoints_step_1000","0"
"45","j29e73ju","olmo31_7b_rlzero_math_eval_all_checkpoints_step_1000","0"
"46","j29e73ju","olmo31_7b_rlzero_math_eval_all_checkpoints_step_1000","0"
"47","j29e73ju","olmo31_7b_rlzero_math_eval_all_checkpoints_step_1000","0"
"48","j29e73ju","olmo31_7b_rlzero_math_eval_all_checkpoints_step_1000","0"
"49","j29e73ju","olmo31_7b_rlzero_math_eval_all_checkpoints_step_1000","0"
"50","j29e73ju","olmo31_7b_rlzero_math_eval_all_checkpoints_step_1000","0"
"51","j29e73ju","olmo31_7b_rlzero_math_eval_all_checkpoints_step_1000","0"
"52","j29e73ju","olmo31_7b_rlzero_math_eval_all_checkpoints_step_1000","0"
"53","j29e73ju","olmo31_7b_rlzero_math_eval_all_checkpoints_step_1000","0.046875"
"54","j29e73ju","olmo31_7b_rlzero_math_eval_all_checkpoints_step_1000","0.078125"
"55","j29e73ju","olmo31_7b_rlzero_math_eval_all_checkpoints_step_1000","0.03125"
"56","j29e73ju","olmo31_7b_rlzero_math_eval_all_checkpoints_step_1000","0.078125"
"57","j29e73ju","olmo31_7b_rlzero_math_eval_all_checkpoints_step_1000","0"
"58","j29e73ju","olmo31_7b_rlzero_math_eval_all_checkpoints_step_1000","0"
"59","j29e73ju","olmo31_7b_rlzero_math_eval_all_checkpoints_step_1000","0"
"0","p9bx5c8r","olmo31_7b_rlzero_math_eval_all_checkpoints_step_0800","0.953125"
"1","p9bx5c8r","olmo31_7b_rlzero_math_eval_all_checkpoints_step_0800","0.984375"
"2","p9bx5c8r","olmo31_7b_rlzero_math_eval_all_checkpoints_step_0800","0.953125"
"3","p9bx5c8r","olmo31_7b_rlzero_math_eval_all_checkpoints_step_0800","0.859375"
"4","p9bx5c8r","olmo31_7b_rlzero_math_eval_all_checkpoints_step_0800","0.5"
"5","p9bx5c8r","olmo31_7b_rlzero_math_eval_all_checkpoints_step_0800","0.921875"
"6","p9bx5c8r","olmo31_7b_rlzero_math_eval_all_checkpoints_step_0800","0.484375"
"7","p9bx5c8r","olmo31_7b_rlzero_math_eval_all_checkpoints_step_0800","0.265625"
"8","p9bx5c8r","olmo31_7b_rlzero_math_eval_all_checkpoints_step_0800","0.96875"
"9","p9bx5c8r","olmo31_7b_rlzero_math_eval_all_checkpoints_step_0800","0.96875"
"10","p9bx5c8r","olmo31_7b_rlzero_math_eval_all_checkpoints_step_0800","0.75"
"11","p9bx5c8r","olmo31_7b_rlzero_math_eval_all_checkpoints_step_0800","0.8125"
"12","p9bx5c8r","olmo31_7b_rlzero_math_eval_all_checkpoints_step_0800","0.875"
"13","p9bx5c8r","olmo31_7b_rlzero_math_eval_all_checkpoints_step_0800","0.15625"
"14","p9bx5c8r","olmo31_7b_rlzero_math_eval_all_checkpoints_step_0800","0.375"
"15","p9bx5c8r","olmo31_7b_rlzero_math_eval_all_checkpoints_step_0800","0.390625"
"16","p9bx5c8r","olmo31_7b_rlzero_math_eval_all_checkpoints_step_0800","0.53125"
"17","p9bx5c8r","olmo31_7b_rlzero_math_eval_all_checkpoints_step_0800","0.171875"
"18","p9bx5c8r","olmo31_7b_rlzero_math_eval_all_checkpoints_step_0800","0.734375"
"19","p9bx5c8r","olmo31_7b_rlzero_math_eval_all_checkpoints_step_0800","0.125"
"20","p9bx5c8r","olmo31_7b_rlzero_math_eval_all_checkpoints_step_0800","0.046875"
"21","p9bx5c8r","olmo31_7b_rlzero_math_eval_all_checkpoints_step_0800","0.125"
"22","p9bx5c8r","olmo31_7b_rlzero_math_eval_all_checkpoints_step_0800","0.046875"
"23","p9bx5c8r","olmo31_7b_rlzero_math_eval_all_checkpoints_step_0800","0"
"24","p9bx5c8r","olmo31_7b_rlzero_math_eval_all_checkpoints_step_0800","0.0625"
"25","p9bx5c8r","olmo31_7b_rlzero_math_eval_all_checkpoints_step_0800","0"
"26","p9bx5c8r","olmo31_7b_rlzero_math_eval_all_checkpoints_step_0800","0.015625"
"27","p9bx5c8r","olmo31_7b_rlzero_math_eval_all_checkpoints_step_0800","0"
"28","p9bx5c8r","olmo31_7b_rlzero_math_eval_all_checkpoints_step_0800","0"
"29","p9bx5c8r","olmo31_7b_rlzero_math_eval_all_checkpoints_step_0800","0"
"30","p9bx5c8r","olmo31_7b_rlzero_math_eval_all_checkpoints_step_0800","0"
"31","p9bx5c8r","olmo31_7b_rlzero_math_eval_all_checkpoints_step_0800","0"
"32","p9bx5c8r","olmo31_7b_rlzero_math_eval_all_checkpoints_step_0800","0"
"33","p9bx5c8r","olmo31_7b_rlzero_math_eval_all_checkpoints_step_0800","0"
"34","p9bx5c8r","olmo31_7b_rlzero_math_eval_all_checkpoints_step_0800","0"
"35","p9bx5c8r","olmo31_7b_rlzero_math_eval_all_checkpoints_step_0800","0"
"36","p9bx5c8r","olmo31_7b_rlzero_math_eval_all_checkpoints_step_0800","0.09375"
"37","p9bx5c8r","olmo31_7b_rlzero_math_eval_all_checkpoints_step_0800","0"
"38","p9bx5c8r","olmo31_7b_rlzero_math_eval_all_checkpoints_step_0800","0.015625"
"39","p9bx5c8r","olmo31_7b_rlzero_math_eval_all_checkpoints_step_0800","0"
"40","p9bx5c8r","olmo31_7b_rlzero_math_eval_all_checkpoints_step_0800","0.078125"
"41","p9bx5c8r","olmo31_7b_rlzero_math_eval_all_checkpoints_step_0800","0.015625"
"42","p9bx5c8r","olmo31_7b_rlzero_math_eval_all_checkpoints_step_0800","0"
"43","p9bx5c8r","olmo31_7b_rlzero_math_eval_all_checkpoints_step_0800","0"
"44","p9bx5c8r","olmo31_7b_rlzero_math_eval_all_checkpoints_step_0800","0"
"45","p9bx5c8r","olmo31_7b_rlzero_math_eval_all_checkpoints_step_0800","0"
"46","p9bx5c8r","olmo31_7b_rlzero_math_eval_all_checkpoints_step_0800","0"
"47","p9bx5c8r","olmo31_7b_rlzero_math_eval_all_checkpoints_step_0800","0"
"48","p9bx5c8r","olmo31_7b_rlzero_math_eval_all_checkpoints_step_0800","0"
"49","p9bx5c8r","olmo31_7b_rlzero_math_eval_all_checkpoints_step_0800","0"
"50","p9bx5c8r","olmo31_7b_rlzero_math_eval_all_checkpoints_step_0800","0"
"51","p9bx5c8r","olmo31_7b_rlzero_math_eval_all_checkpoints_step_0800","0"
"52","p9bx5c8r","olmo31_7b_rlzero_math_eval_all_checkpoints_step_0800","0"
"53","p9bx5c8r","olmo31_7b_rlzero_math_eval_all_checkpoints_step_0800","0"
"54","p9bx5c8r","olmo31_7b_rlzero_math_eval_all_checkpoints_step_0800","0.046875"
"55","p9bx5c8r","olmo31_7b_rlzero_math_eval_all_checkpoints_step_0800","0"
"56","p9bx5c8r","olmo31_7b_rlzero_math_eval_all_checkpoints_step_0800","0.0625"
"57","p9bx5c8r","olmo31_7b_rlzero_math_eval_all_checkpoints_step_0800","0"
"58","p9bx5c8r","olmo31_7b_rlzero_math_eval_all_checkpoints_step_0800","0"
"59","p9bx5c8r","olmo31_7b_rlzero_math_eval_all_checkpoints_step_0800","0"
"0","yoqi90ri","olmo31_7b_rlzero_math_eval_all_checkpoints_step_0600","0.90625"
"1","yoqi90ri","olmo31_7b_rlzero_math_eval_all_checkpoints_step_0600","0.953125"
"2","yoqi90ri","olmo31_7b_rlzero_math_eval_all_checkpoints_step_0600","0.953125"
"3","yoqi90ri","olmo31_7b_rlzero_math_eval_all_checkpoints_step_0600","0.90625"
"4","yoqi90ri","olmo31_7b_rlzero_math_eval_all_checkpoints_step_0600","0.546875"
"5","yoqi90ri","olmo31_7b_rlzero_math_eval_all_checkpoints_step_0600","0.8125"
"6","yoqi90ri","olmo31_7b_rlzero_math_eval_all_checkpoints_step_0600","0.375"
"7","yoqi90ri","olmo31_7b_rlzero_math_eval_all_checkpoints_step_0600","0.15625"
"8","yoqi90ri","olmo31_7b_rlzero_math_eval_all_checkpoints_step_0600","0.96875"
"9","yoqi90ri","olmo31_7b_rlzero_math_eval_all_checkpoints_step_0600","0.984375"
"10","yoqi90ri","olmo31_7b_rlzero_math_eval_all_checkpoints_step_0600","0.8125"
"11","yoqi90ri","olmo31_7b_rlzero_math_eval_all_checkpoints_step_0600","0.9375"
"12","yoqi90ri","olmo31_7b_rlzero_math_eval_all_checkpoints_step_0600","0.765625"
"13","yoqi90ri","olmo31_7b_rlzero_math_eval_all_checkpoints_step_0600","0.328125"
"14","yoqi90ri","olmo31_7b_rlzero_math_eval_all_checkpoints_step_0600","0.28125"
"15","yoqi90ri","olmo31_7b_rlzero_math_eval_all_checkpoints_step_0600","0.359375"
"16","yoqi90ri","olmo31_7b_rlzero_math_eval_all_checkpoints_step_0600","0.328125"
"17","yoqi90ri","olmo31_7b_rlzero_math_eval_all_checkpoints_step_0600","0.1875"
"18","yoqi90ri","olmo31_7b_rlzero_math_eval_all_checkpoints_step_0600","0.71875"
"19","yoqi90ri","olmo31_7b_rlzero_math_eval_all_checkpoints_step_0600","0.03125"
"20","yoqi90ri","olmo31_7b_rlzero_math_eval_all_checkpoints_step_0600","0.0625"
"21","yoqi90ri","olmo31_7b_rlzero_math_eval_all_checkpoints_step_0600","0.125"
"22","yoqi90ri","olmo31_7b_rlzero_math_eval_all_checkpoints_step_0600","0.03125"
"23","yoqi90ri","olmo31_7b_rlzero_math_eval_all_checkpoints_step_0600","0"
"24","yoqi90ri","olmo31_7b_rlzero_math_eval_all_checkpoints_step_0600","0.109375"
"25","yoqi90ri","olmo31_7b_rlzero_math_eval_all_checkpoints_step_0600","0"
"26","yoqi90ri","olmo31_7b_rlzero_math_eval_all_checkpoints_step_0600","0.015625"
"27","yoqi90ri","olmo31_7b_rlzero_math_eval_all_checkpoints_step_0600","0"
"28","yoqi90ri","olmo31_7b_rlzero_math_eval_all_checkpoints_step_0600","0"
"29","yoqi90ri","olmo31_7b_rlzero_math_eval_all_checkpoints_step_0600","0"
"30","yoqi90ri","olmo31_7b_rlzero_math_eval_all_checkpoints_step_0600","0"
"31","yoqi90ri","olmo31_7b_rlzero_math_eval_all_checkpoints_step_0600","0"
"32","yoqi90ri","olmo31_7b_rlzero_math_eval_all_checkpoints_step_0600","0"
"33","yoqi90ri","olmo31_7b_rlzero_math_eval_all_checkpoints_step_0600","0"
"34","yoqi90ri","olmo31_7b_rlzero_math_eval_all_checkpoints_step_0600","0"
"35","yoqi90ri","olmo31_7b_rlzero_math_eval_all_checkpoints_step_0600","0"
"36","yoqi90ri","olmo31_7b_rlzero_math_eval_all_checkpoints_step_0600","0.09375"
"37","yoqi90ri","olmo31_7b_rlzero_math_eval_all_checkpoints_step_0600","0"
"38","yoqi90ri","olmo31_7b_rlzero_math_eval_all_checkpoints_step_0600","0.015625"
"39","yoqi90ri","olmo31_7b_rlzero_math_eval_all_checkpoints_step_0600","0"
"40","yoqi90ri","olmo31_7b_rlzero_math_eval_all_checkpoints_step_0600","0.015625"
"41","yoqi90ri","olmo31_7b_rlzero_math_eval_all_checkpoints_step_0600","0.015625"
"42","yoqi90ri","olmo31_7b_rlzero_math_eval_all_checkpoints_step_0600","0"
"43","yoqi90ri","olmo31_7b_rlzero_math_eval_all_checkpoints_step_0600","0"
"44","yoqi90ri","olmo31_7b_rlzero_math_eval_all_checkpoints_step_0600","0"
"45","yoqi90ri","olmo31_7b_rlzero_math_eval_all_checkpoints_step_0600","0"
"46","yoqi90ri","olmo31_7b_rlzero_math_eval_all_checkpoints_step_0600","0"
"47","yoqi90ri","olmo31_7b_rlzero_math_eval_all_checkpoints_step_0600","0"
"48","yoqi90ri","olmo31_7b_rlzero_math_eval_all_checkpoints_step_0600","0"
"49","yoqi90ri","olmo31_7b_rlzero_math_eval_all_checkpoints_step_0600","0"
"50","yoqi90ri","olmo31_7b_rlzero_math_eval_all_checkpoints_step_0600","0"
"51","yoqi90ri","olmo31_7b_rlzero_math_eval_all_checkpoints_step_0600","0"
"52","yoqi90ri","olmo31_7b_rlzero_math_eval_all_checkpoints_step_0600","0"
"53","yoqi90ri","olmo31_7b_rlzero_math_eval_all_checkpoints_step_0600","0.015625"
"54","yoqi90ri","olmo31_7b_rlzero_math_eval_all_checkpoints_step_0600","0.0625"
"55","yoqi90ri","olmo31_7b_rlzero_math_eval_all_checkpoints_step_0600","0.015625"
"56","yoqi90ri","olmo31_7b_rlzero_math_eval_all_checkpoints_step_0600","0.109375"
"57","yoqi90ri","olmo31_7b_rlzero_math_eval_all_checkpoints_step_0600","0"
"58","yoqi90ri","olmo31_7b_rlzero_math_eval_all_checkpoints_step_0600","0"
"59","yoqi90ri","olmo31_7b_rlzero_math_eval_all_checkpoints_step_0600","0"
"0","eh5wi7gu","olmo31_7b_rlzero_math_eval_all_checkpoints_step_0400","0.859375"
"1","eh5wi7gu","olmo31_7b_rlzero_math_eval_all_checkpoints_step_0400","0.90625"
"2","eh5wi7gu","olmo31_7b_rlzero_math_eval_all_checkpoints_step_0400","0.875"
"3","eh5wi7gu","olmo31_7b_rlzero_math_eval_all_checkpoints_step_0400","0.8125"
"4","eh5wi7gu","olmo31_7b_rlzero_math_eval_all_checkpoints_step_0400","0.453125"
"5","eh5wi7gu","olmo31_7b_rlzero_math_eval_all_checkpoints_step_0400","0.703125"
"6","eh5wi7gu","olmo31_7b_rlzero_math_eval_all_checkpoints_step_0400","0.359375"
"7","eh5wi7gu","olmo31_7b_rlzero_math_eval_all_checkpoints_step_0400","0.15625"
"8","eh5wi7gu","olmo31_7b_rlzero_math_eval_all_checkpoints_step_0400","0.875"
"9","eh5wi7gu","olmo31_7b_rlzero_math_eval_all_checkpoints_step_0400","0.9375"
"10","eh5wi7gu","olmo31_7b_rlzero_math_eval_all_checkpoints_step_0400","0.78125"
"11","eh5wi7gu","olmo31_7b_rlzero_math_eval_all_checkpoints_step_0400","0.90625"
"12","eh5wi7gu","olmo31_7b_rlzero_math_eval_all_checkpoints_step_0400","0.609375"
"13","eh5wi7gu","olmo31_7b_rlzero_math_eval_all_checkpoints_step_0400","0.421875"
"14","eh5wi7gu","olmo31_7b_rlzero_math_eval_all_checkpoints_step_0400","0.25"
"15","eh5wi7gu","olmo31_7b_rlzero_math_eval_all_checkpoints_step_0400","0.296875"
"16","eh5wi7gu","olmo31_7b_rlzero_math_eval_all_checkpoints_step_0400","0.203125"
"17","eh5wi7gu","olmo31_7b_rlzero_math_eval_all_checkpoints_step_0400","0.109375"
"18","eh5wi7gu","olmo31_7b_rlzero_math_eval_all_checkpoints_step_0400","0.671875"
"19","eh5wi7gu","olmo31_7b_rlzero_math_eval_all_checkpoints_step_0400","0.03125"
"20","eh5wi7gu","olmo31_7b_rlzero_math_eval_all_checkpoints_step_0400","0.015625"
"21","eh5wi7gu","olmo31_7b_rlzero_math_eval_all_checkpoints_step_0400","0.0625"
"22","eh5wi7gu","olmo31_7b_rlzero_math_eval_all_checkpoints_step_0400","0.015625"
"23","eh5wi7gu","olmo31_7b_rlzero_math_eval_all_checkpoints_step_0400","0"
"24","eh5wi7gu","olmo31_7b_rlzero_math_eval_all_checkpoints_step_0400","0.046875"
"25","eh5wi7gu","olmo31_7b_rlzero_math_eval_all_checkpoints_step_0400","0.015625"
"26","eh5wi7gu","olmo31_7b_rlzero_math_eval_all_checkpoints_step_0400","0.03125"
"27","eh5wi7gu","olmo31_7b_rlzero_math_eval_all_checkpoints_step_0400","0"
"28","eh5wi7gu","olmo31_7b_rlzero_math_eval_all_checkpoints_step_0400","0"
"29","eh5wi7gu","olmo31_7b_rlzero_math_eval_all_checkpoints_step_0400","0"
"30","eh5wi7gu","olmo31_7b_rlzero_math_eval_all_checkpoints_step_0400","0"
"31","eh5wi7gu","olmo31_7b_rlzero_math_eval_all_checkpoints_step_0400","0"
"32","eh5wi7gu","olmo31_7b_rlzero_math_eval_all_checkpoints_step_0400","0"
"33","eh5wi7gu","olmo31_7b_rlzero_math_eval_all_checkpoints_step_0400","0"
"34","eh5wi7gu","olmo31_7b_rlzero_math_eval_all_checkpoints_step_0400","0"
"35","eh5wi7gu","olmo31_7b_rlzero_math_eval_all_checkpoints_step_0400","0"
"36","eh5wi7gu","olmo31_7b_rlzero_math_eval_all_checkpoints_step_0400","0.0625"
"37","eh5wi7gu","olmo31_7b_rlzero_math_eval_all_checkpoints_step_0400","0"
"38","eh5wi7gu","olmo31_7b_rlzero_math_eval_all_checkpoints_step_0400","0.03125"
"39","eh5wi7gu","olmo31_7b_rlzero_math_eval_all_checkpoints_step_0400","0"
"40","eh5wi7gu","olmo31_7b_rlzero_math_eval_all_checkpoints_step_0400","0.09375"
"41","eh5wi7gu","olmo31_7b_rlzero_math_eval_all_checkpoints_step_0400","0"
"42","eh5wi7gu","olmo31_7b_rlzero_math_eval_all_checkpoints_step_0400","0"
"43","eh5wi7gu","olmo31_7b_rlzero_math_eval_all_checkpoints_step_0400","0"
"44","eh5wi7gu","olmo31_7b_rlzero_math_eval_all_checkpoints_step_0400","0"
"45","eh5wi7gu","olmo31_7b_rlzero_math_eval_all_checkpoints_step_0400","0"
"46","eh5wi7gu","olmo31_7b_rlzero_math_eval_all_checkpoints_step_0400","0"
"47","eh5wi7gu","olmo31_7b_rlzero_math_eval_all_checkpoints_step_0400","0"
"48","eh5wi7gu","olmo31_7b_rlzero_math_eval_all_checkpoints_step_0400","0"
"49","eh5wi7gu","olmo31_7b_rlzero_math_eval_all_checkpoints_step_0400","0"
"50","eh5wi7gu","olmo31_7b_rlzero_math_eval_all_checkpoints_step_0400","0"
"51","eh5wi7gu","olmo31_7b_rlzero_math_eval_all_checkpoints_step_0400","0"
"52","eh5wi7gu","olmo31_7b_rlzero_math_eval_all_checkpoints_step_0400","0"
"53","eh5wi7gu","olmo31_7b_rlzero_math_eval_all_checkpoints_step_0400","0"
"54","eh5wi7gu","olmo31_7b_rlzero_math_eval_all_checkpoints_step_0400","0.046875"
"55","eh5wi7gu","olmo31_7b_rlzero_math_eval_all_checkpoints_step_0400","0"
"56","eh5wi7gu","olmo31_7b_rlzero_math_eval_all_checkpoints_step_0400","0.015625"
"57","eh5wi7gu","olmo31_7b_rlzero_math_eval_all_checkpoints_step_0400","0"
"58","eh5wi7gu","olmo31_7b_rlzero_math_eval_all_checkpoints_step_0400","0.015625"
"59","eh5wi7gu","olmo31_7b_rlzero_math_eval_all_checkpoints_step_0400","0"
"0","6n2jlr5r","olmo31_7b_rlzero_math_eval_all_checkpoints_step_0200","0.78125"
"1","6n2jlr5r","olmo31_7b_rlzero_math_eval_all_checkpoints_step_0200","0.90625"
"2","6n2jlr5r","olmo31_7b_rlzero_math_eval_all_checkpoints_step_0200","0.765625"
"3","6n2jlr5r","olmo31_7b_rlzero_math_eval_all_checkpoints_step_0200","0.703125"
"4","6n2jlr5r","olmo31_7b_rlzero_math_eval_all_checkpoints_step_0200","0.46875"
"5","6n2jlr5r","olmo31_7b_rlzero_math_eval_all_checkpoints_step_0200","0.734375"
"6","6n2jlr5r","olmo31_7b_rlzero_math_eval_all_checkpoints_step_0200","0.265625"
"7","6n2jlr5r","olmo31_7b_rlzero_math_eval_all_checkpoints_step_0200","0.21875"
"8","6n2jlr5r","olmo31_7b_rlzero_math_eval_all_checkpoints_step_0200","0.921875"
"9","6n2jlr5r","olmo31_7b_rlzero_math_eval_all_checkpoints_step_0200","0.984375"
"10","6n2jlr5r","olmo31_7b_rlzero_math_eval_all_checkpoints_step_0200","0.734375"
"11","6n2jlr5r","olmo31_7b_rlzero_math_eval_all_checkpoints_step_0200","0.71875"
"12","6n2jlr5r","olmo31_7b_rlzero_math_eval_all_checkpoints_step_0200","0.65625"
"13","6n2jlr5r","olmo31_7b_rlzero_math_eval_all_checkpoints_step_0200","0.296875"
"14","6n2jlr5r","olmo31_7b_rlzero_math_eval_all_checkpoints_step_0200","0.234375"
"15","6n2jlr5r","olmo31_7b_rlzero_math_eval_all_checkpoints_step_0200","0.109375"
"16","6n2jlr5r","olmo31_7b_rlzero_math_eval_all_checkpoints_step_0200","0.203125"
"17","6n2jlr5r","olmo31_7b_rlzero_math_eval_all_checkpoints_step_0200","0.171875"
"18","6n2jlr5r","olmo31_7b_rlzero_math_eval_all_checkpoints_step_0200","0.46875"
"19","6n2jlr5r","olmo31_7b_rlzero_math_eval_all_checkpoints_step_0200","0.09375"
"20","6n2jlr5r","olmo31_7b_rlzero_math_eval_all_checkpoints_step_0200","0.015625"
"21","6n2jlr5r","olmo31_7b_rlzero_math_eval_all_checkpoints_step_0200","0.046875"
"22","6n2jlr5r","olmo31_7b_rlzero_math_eval_all_checkpoints_step_0200","0.03125"
"23","6n2jlr5r","olmo31_7b_rlzero_math_eval_all_checkpoints_step_0200","0"
"24","6n2jlr5r","olmo31_7b_rlzero_math_eval_all_checkpoints_step_0200","0.078125"
"25","6n2jlr5r","olmo31_7b_rlzero_math_eval_all_checkpoints_step_0200","0.03125"
"26","6n2jlr5r","olmo31_7b_rlzero_math_eval_all_checkpoints_step_0200","0.03125"
"27","6n2jlr5r","olmo31_7b_rlzero_math_eval_all_checkpoints_step_0200","0"
"28","6n2jlr5r","olmo31_7b_rlzero_math_eval_all_checkpoints_step_0200","0"
"29","6n2jlr5r","olmo31_7b_rlzero_math_eval_all_checkpoints_step_0200","0"
"30","6n2jlr5r","olmo31_7b_rlzero_math_eval_all_checkpoints_step_0200","0"
"31","6n2jlr5r","olmo31_7b_rlzero_math_eval_all_checkpoints_step_0200","0"
"32","6n2jlr5r","olmo31_7b_rlzero_math_eval_all_checkpoints_step_0200","0"
"33","6n2jlr5r","olmo31_7b_rlzero_math_eval_all_checkpoints_step_0200","0"
"34","6n2jlr5r","olmo31_7b_rlzero_math_eval_all_checkpoints_step_0200","0.015625"
"35","6n2jlr5r","olmo31_7b_rlzero_math_eval_all_checkpoints_step_0200","0"
"36","6n2jlr5r","olmo31_7b_rlzero_math_eval_all_checkpoints_step_0200","0.0625"
"37","6n2jlr5r","olmo31_7b_rlzero_math_eval_all_checkpoints_step_0200","0"
"38","6n2jlr5r","olmo31_7b_rlzero_math_eval_all_checkpoints_step_0200","0.015625"
"39","6n2jlr5r","olmo31_7b_rlzero_math_eval_all_checkpoints_step_0200","0"
"40","6n2jlr5r","olmo31_7b_rlzero_math_eval_all_checkpoints_step_0200","0.03125"
"41","6n2jlr5r","olmo31_7b_rlzero_math_eval_all_checkpoints_step_0200","0"
"42","6n2jlr5r","olmo31_7b_rlzero_math_eval_all_checkpoints_step_0200","0"
"43","6n2jlr5r","olmo31_7b_rlzero_math_eval_all_checkpoints_step_0200","0"
"44","6n2jlr5r","olmo31_7b_rlzero_math_eval_all_checkpoints_step_0200","0"
"45","6n2jlr5r","olmo31_7b_rlzero_math_eval_all_checkpoints_step_0200","0"
"46","6n2jlr5r","olmo31_7b_rlzero_math_eval_all_checkpoints_step_0200","0"
"47","6n2jlr5r","olmo31_7b_rlzero_math_eval_all_checkpoints_step_0200","0"
"48","6n2jlr5r","olmo31_7b_rlzero_math_eval_all_checkpoints_step_0200","0"
"49","6n2jlr5r","olmo31_7b_rlzero_math_eval_all_checkpoints_step_0200","0"
"50","6n2jlr5r","olmo31_7b_rlzero_math_eval_all_checkpoints_step_0200","0"
"51","6n2jlr5r","olmo31_7b_rlzero_math_eval_all_checkpoints_step_0200","0"
"52","6n2jlr5r","olmo31_7b_rlzero_math_eval_all_checkpoints_step_0200","0"
"53","6n2jlr5r","olmo31_7b_rlzero_math_eval_all_checkpoints_step_0200","0.015625"
"54","6n2jlr5r","olmo31_7b_rlzero_math_eval_all_checkpoints_step_0200","0.046875"
"55","6n2jlr5r","olmo31_7b_rlzero_math_eval_all_checkpoints_step_0200","0"
"56","6n2jlr5r","olmo31_7b_rlzero_math_eval_all_checkpoints_step_0200","0.03125"
"57","6n2jlr5r","olmo31_7b_rlzero_math_eval_all_checkpoints_step_0200","0"
"58","6n2jlr5r","olmo31_7b_rlzero_math_eval_all_checkpoints_step_0200","0.015625"
"59","6n2jlr5r","olmo31_7b_rlzero_math_eval_all_checkpoints_step_0200","0"